,id,name,images
0,4phGZZrJZRo4ElhRtViYdl,Jason Mraz,https://i.scdn.co/image/ab67616100005174c3b370fc26c83312db52af14
1,1I7oHjCjMrMUz66v67yJJu,Joshua Hyslop,https://i.scdn.co/image/ab67616100005174f95f573a3ba97ec1e90b0f32
2,7CQwac16i1W5ej8YpuL3dv,Boyce Avenue,https://i.scdn.co/image/ab67616100005174227c30a483da30759b462071
3,3UAk61T8PItbpgEi9u7ofY,Andrew Belle,https://i.scdn.co/image/ab67616100005174bc1b1e1978b27d8991ec4f9e
4,4PM86aECDhcdwuJNZNrR22,Chris Smither,https://i.scdn.co/image/ab67616100005174417552d79f541836a1fb7344
5,6JVRYNneRsYNInT4TNr5vU,Matt Wertz,https://i.scdn.co/image/ab6761610000517441f1ca2530ca4d3e3c2513cb
6,6Yuow6YoiBaVPFNjZ5BQi7,Green River Ordinance,https://i.scdn.co/image/ab67616100005174d52ef68c2f1bb178df0d5c3c
7,49RRjdOtssOA73G9NnVeUM,Tristan Prettyman,https://i.scdn.co/image/ab676161000051743db63171685721926d87f144
8,7J2lZBANizgPNfUzux31PV,David Gray,https://i.scdn.co/image/ab67616100005174ad195e6f0f6f25b5d072e445
9,0mXTJETA4XUa12MmmXxZJh,Eddie Vedder,https://i.scdn.co/image/ab6761610000517498a58862098f8be6496ba9d6
10,6J7rw7NELJUCThPbAfyLIE,The Civil Wars,https://i.scdn.co/image/ab676161000051740bae8ba82eaf7e63af515c9f
11,3w6zswp5THsSKYLICUbDTZ,Gabrielle Aplin,https://i.scdn.co/image/ab67616100005174aac010f3b621faf4d8346ada
12,6lqmbDjxe5rhvXIyfNl23o,Harley Poe,https://i.scdn.co/image/ab676161000051749aacbe137efd78e21355c1aa
13,6CmXhyslohOFRJMtPpRm4O,Ron Pope,https://i.scdn.co/image/ab67616100005174fd6430e9729b8a9e568db402
14,2Sqr0DXoaYABbjBo9HaMkM,Sara Bareilles,https://i.scdn.co/image/ab6761610000517483a5e11367a1af10a319a6ac
15,0dIGBGRHRiNzdTpZofcJ3Z,Meiko Nakahara,https://i.scdn.co/image/ab67616d00001e02a4120249788258d45bc99a79
16,39x8gyJjTHiBQklFgVJSV4,Eric Hutchinson,https://i.scdn.co/image/ab676161000051742944ddf9ca86ff1ddac00f08
17,5nHR37FDSU4I0QQta0AZ1C,Ross Copperman,https://i.scdn.co/image/ab6761610000517426f38e7b1546d4887085b645
18,4igDSX1kgfWbVTDCywcBGm,Johnnyswim,https://i.scdn.co/image/ab676161000051743c6efd4fd4455529e3a42961
19,5fMgURSyarojCEH6DFZ8D6,Muhammad Abdul Jabbar,https://i.scdn.co/image/ab67616d00001e0242b5f8ca93687f912aa4bba7
20,3oOlOS93V6ex5t5lrvZ7s7,Not Half Bad,https://i.scdn.co/image/ab67616100005174b1accef8d6946d73479cb869
21,5dTYaRzOn4rXGBLH052EeQ,A Fine Frenzy,https://i.scdn.co/image/d372f195f29d92e353ac14b45a4cb998d51b6546
22,14CHVeJGrR5xgUGQFV5BVM,Fivio Foreign,https://i.scdn.co/image/ab67616100005174366afadc7bfc1671fb1d4f2c
23,6nZs04GLkNYMWY2WMHfEpz,Chad Hates George,https://i.scdn.co/image/ab67616d00001e02bc3037eaa0ff1327b151c419
24,6ckHURH4vaNUiIsoFanfX8,Kidd Manny,https://i.scdn.co/image/ab676161000051742cd0db98dbbf352a7f2e0a9a
25,4MBIFx8pthemIVuEJSgAxb,David Ramirez,https://i.scdn.co/image/ab67616100005174c9059c1c2347bfa1afec94c8
26,6ignRjbPmLvKdtMLj9a5Xs,Ichiko Aoba,https://i.scdn.co/image/ab676161000051740492fac92c61b57890860332
27,0QrowybipCKUDnq5y10PD2,Amos Lee,https://i.scdn.co/image/ab676161000051744e61af570630c5a619ae1b28
28,1TRZYAlP0bNz0dZCbWAjsI,Steve Petrunak,https://i.scdn.co/image/ab676161000051742e91ea79189b4cade71f3f9a
29,2zwHaEmXxX6DTv4i8ajNCM,Kris Allen,https://i.scdn.co/image/ab6761610000517497194749e90947c5ed53695a
30,1g9zG323vBvafWMplgUEQx,Ann Sally,https://i.scdn.co/image/ab676161000051749f8770ce7ea9a8b3fdd7ac11
31,2vm8GdHyrJh2O2MfbQFYG0,Ingrid Michaelson,https://i.scdn.co/image/ab676161000051743608d10bdd51605b8e900a09
32,2gzH4rGNFJeNg13yv2uI4L,Jon Bryant,https://i.scdn.co/image/ab67616100005174ee0630ca32da9f5f900073bc
33,0xeI9Z0Uhs8bYGBRpqq88X,Otis Spann,https://i.scdn.co/image/081902e6611e7cf833ed5c5f1c639ef96df0015d
34,7omzannyG2lfDqP5xyZo34,Joshua Radin,https://i.scdn.co/image/ab676161000051749091a5f6d059a254d4d2f584
35,42lt7Lr6m3qVIesp9pP4oH,Jaymay,https://i.scdn.co/image/792568b59d1b952797ff774574452472a2ef7e64
36,4RwbDag6jWIYJnEGH6Wte9,Drew Holcomb & The Neighbors,https://i.scdn.co/image/ab67616100005174ee7399afeff7cca8674cba4b
37,1fpXM23IoNckJ7NDAm8YJQ,Mark Lanegan,https://i.scdn.co/image/23401e9fcd75aefeec1ba9499c8586faa8d6d958
38,4S9EykWXhStSc15wEx8QFK,Céline Dion,https://i.scdn.co/image/ab67616100005174c3b380448158e7b6e5863cde
39,16QSVsPKl743hu4U5C18R8,Josh Garrels,https://i.scdn.co/image/ab676161000051746b43cacaf41592268ee154db
40,4AP2adBA7JiDBoymnpYqVI,Sanders Bohlke,https://i.scdn.co/image/ab67616100005174cbf43e248f7d5ec2fabd316a
41,1s2pki7lATUaBOL76E3vCV,Kaki King,https://i.scdn.co/image/ab676161000051748950ce4b695c1cc9c2dce28c
42,6z29S0IoiBJpSMP8plyCj7,Jon McLaughlin,https://i.scdn.co/image/ab67616100005174a5fc004270bdfc9fee7f55f4
43,34482S5nfxR441wcnVfrHi,Noah Gundersen,https://i.scdn.co/image/ab67616100005174a3098fed3ee5004f75ae9b36
44,0wqCmiRvTgsobz3AZoadXq,Matthew Mayfield,https://i.scdn.co/image/ab67616100005174f8029ecbcdf799ff6af1cf74
45,18FojbNFtWY8HKOMVSA2K4,Jenny & Tyler,https://i.scdn.co/image/ab67616100005174495d0030e0cabe8b487070b2
46,610EjgFatGvVPtib97jQ8G,NEEDTOBREATHE,https://i.scdn.co/image/ab6761610000517405a128c405ad16a6d812b457
47,2OLdp1MFO8NLtcRpE0e76m,Corporate Hearts,https://i.scdn.co/image/ab676161000051743fe289ef058b148bbb38ea9f
48,2Mf99N2VcDEcVuocyBLhyC,Greg Laswell,https://i.scdn.co/image/ab67616100005174e4375b91006f52c4f67bcfd0
49,28y6CyJNkGNjJQKrlx4AmN,HRVY,https://i.scdn.co/image/ab67616100005174be9f2a9f07aa1b30f1dd1b55
50,2DKtZ8qWGkZu36oX3ohys2,Daryl Shawn,https://i.scdn.co/image/ab676161000051748a5cc7220604f5db6f7b6c52
51,68524z8sd176IRenNb1Fjy,Matthew Perryman Jones,https://i.scdn.co/image/ab67616100005174bb9bd857d6bbb34ca25b5bce
52,2uNcfNhlVJUyEX0t0NG1m1,Eric Bibb,https://i.scdn.co/image/ab67616100005174e256c255d0e965ebd840c898
53,5Hc9oDGvStNGmnj44m8sHg,Tyler Ward,https://i.scdn.co/image/ab67616100005174609be0ee540573fd49d1cdea
54,7AEPFGsBBHqMtHGiYDFVQy,Hannah Trigwell,https://i.scdn.co/image/ab67616100005174654088e5c28789387603ed91
55,5ltIfb6fKhN2sxGic1WRWy,Scars On 45,https://i.scdn.co/image/0b4b19ddb4d7c316f40ef0b8c1c43c22c4024d9f
56,47LEGQCc9FShxKmbod8u7e,Joey Cape,https://i.scdn.co/image/ab6772690000dd22342bf170bfddfd87acf650d4
57,3LMkQzoTUDoZaLhM58O2Ej,Fuyumi Abe,https://i.scdn.co/image/ab67616100005174ffd026fe5ab6a5fcd58f3df4
58,010NIu2EaWyKzN3YZ3lj0z,Tony Sly,https://i.scdn.co/image/ab67616d00001e022730119340df09cf446b4e5a
59,4ISvSAA85lr3lDwpMEBNgS,Jason Reeves,https://i.scdn.co/image/ab676161000051743a07d53fb92280241e080dab
60,6PzNEcjhgM7tQ9FfrPEPrc,Dan Andriano in the Emergency Room,https://i.scdn.co/image/ab67616d00001e02385dc1b1f4d1a9498d393b7f
61,1yLlQimDTRrACa45u50LXW,Josh Kelley,https://i.scdn.co/image/ab67616100005174238fbb4ff006f30746a774f1
62,68AgFdMHxeVZ8cUX31HlCq,Hana Sekitori,https://i.scdn.co/image/ab67616100005174cfb604679db3a732a8ef1b68
63,7vX3cMVyW8gtDA4y855ynF,Rodrigo y Gabriela,https://i.scdn.co/image/ab67616100005174a637fa387f7a6987c71bc30a
64,7nC05zmJukRGYObQeRgg3x,Jack Savoretti,https://i.scdn.co/image/ab6761610000517440408ecde2cc7278aed2f79b
65,35VpsbV6V2NdfTeNZEbKfc,Jill Andrews,https://i.scdn.co/image/ab67616100005174136b83d550bcac2dc261b1f9
66,6zGcYBjlNOMSVVrl7ZoGsH,Zee Avi,https://i.scdn.co/image/ab6761610000517411caf03dabee3c46aeac179a
67,2pOLYuxb1wwCu8bmXyhhEb,Mark Kroos,https://i.scdn.co/image/ab676161000051748d450443f446ea73b8956ff6
68,27M9shmwhIjRo7WntpT9Rp,Frank Turner,https://i.scdn.co/image/ab6761610000517415bc846cba5e7daed061cb0c
69,44BkC9lJfLmhcRB4NV7Z38,Tim Myers,https://i.scdn.co/image/ab67616100005174fcdd7366ce205524aa42fb92
70,0YupLF0tszgj7vyKCQlRoC,Elenowen,https://i.scdn.co/image/ab676161000051745260462e4623ce8a80fd021e
71,6Y4bCmUNPDKqc7dHkVvgim,Erin McCarley,https://i.scdn.co/image/ab67616100005174271320bcc15789b23aa83a44
72,5oU0tZlItLctcLOQPS3mCy,Priscilla Ahn,https://i.scdn.co/image/ab676161000051747ca2162b73a248bedb6d393e
73,7viobUNBHL6NTe36O9Ocdk,Human Kitten,https://i.scdn.co/image/ab67616100005174655bad8e5489aeff2a69c91d
74,6igfLpd8s6DBBAuwebRUuo,Josh Ritter,https://i.scdn.co/image/ab67616100005174ed624c42a7ab27a828d43e0e
75,7E1o9IcnpiFQDlAUk2H7Az,Madi Diaz,https://i.scdn.co/image/ab67616100005174bc64c777c6a9f39df48dc1da
76,5zeCSgiRyezbfLiGOpKAsR,Tyrone Wells,https://i.scdn.co/image/ab67616100005174df7b2a5da1f8989da264d439
77,7ctAOUlIAs7yuMODWE2Fyz,John Barry,https://i.scdn.co/image/a01fa97107d88d68d7269ba77c5925af3d497258
78,0qdblxxVBeNzq1LFwzjN9g,Ramshackle Glory,https://i.scdn.co/image/ab6761610000517494174ca702dd48517be2c3cb
79,0CdbG1eHVjqjkQsGoH2u1V,Peter Bradley Adams,https://i.scdn.co/image/ab6761610000517424b9c10e876ab9c68f21d393
80,3dVt88018sQikXFlIocj3X,Amy Stroup,https://i.scdn.co/image/ab67616100005174c35e7323fcb3d8d256ed6197
81,21R50WhyQI5HxWOTr6MyY1,Cary Brothers,https://i.scdn.co/image/ab67616100005174108e8d960fe28c4864f92774
82,7hbH1qupmU6HxVBjWJItlq,Dave Barnes,https://i.scdn.co/image/ab676161000051744f8473601db2ba9284c5f69e
83,5FGlhIQqewJRV8fx24toG0,Masaharu Fukuyama,https://i.scdn.co/image/ab67616100005174797adf8c6d59597851df938f
84,6QFuGrftxjfONIARygYHIe,Trent Dabbs,https://i.scdn.co/image/ab676161000051747f0cbfc77c931eff30219377
85,3Ivps5evkCqTJp50aqXTlu,Denis Turbide,https://i.scdn.co/image/ab676161000051744a33c6d1152954459aaec663
86,7tNLRmiAN8hpmFrbIHiHsy,Patty Griffin,https://i.scdn.co/image/ab67616100005174524e0137afffe4d2ad09bd76
87,7g0xtrm9c9KAaBTwvrTTmZ,Fay Wolf,https://i.scdn.co/image/ab67616100005174686ff88b4c91809d690e1c1d
88,6lb32Pf1I52GnEfnDlu9FR,Kate Havnevik,https://i.scdn.co/image/ab6761610000517470207ddf3131c6f799c44e93
89,22ArEmZwehawCU5ldp6A5W,Lucy Shaw,https://i.scdn.co/image/ab67616100005174dda05e1e844259efc2444953
90,2gSskdDhLQCx3CQd6XKDhp,Bukka White,https://i.scdn.co/image/ab67616d00001e02b8f566c839aec04863be772a
91,7rN3Agir6FaZNfhf5V7mfN,John Frusciante,https://i.scdn.co/image/ab6772690000dd22f94dbd92408ba3c66cd598b9
92,1ADT5n2ddD6Pawz2Ufjik4,Roberto Diana,https://i.scdn.co/image/ab67616100005174cf6786cbb4b0c624471991dd
93,7lNFzeAXmSIKexINNgO6bu,YUZU,https://i.scdn.co/image/ab67616100005174f942a8461c91c4f2fa9d6538
94,5jbP6txZCMe5l7QLZ1pmJ3,Katie Herzig,https://i.scdn.co/image/ab676161000051741174f29522eeb79917ae53eb
95,7D5oTJSXSHf51auG0106CQ,Benjamin Francis Leftwich,https://i.scdn.co/image/ab67616100005174820cf7e3dbed55c5a6ce8d93
96,6iU0naWn1UgiTReoiXqPXI,Chuck Ragan,https://i.scdn.co/image/ab67616100005174b83af51a5039e828e95f96ba
97,7w0qj2HiAPIeUcoPogvOZ6,Rachael Yamagata,https://i.scdn.co/image/ab676161000051746399f9e30ae4b10f893507d2
98,4QGC11o7gQR7MBEJ5cUMSv,Mindy Smith,https://i.scdn.co/image/ab676161000051741060d2c28e5152fb8d4f3f96
99,3vFDvFtR8VKEITzDa2ddKe,Toto Sorioso,https://i.scdn.co/image/ab6761610000517429863055186e06b603c5b010
100,45DUUqLXUpSjzfmlSXrAEA,Lulu Panganiban,https://i.scdn.co/image/ab67616d00001e02c3b37ad31f3eb1384eb28a97
101,1syC76TS0O5Yx2sCNGbUZb,The Moon Loungers,https://i.scdn.co/image/ab676161000051745ebdbc07942b2fb167134431
102,73U1Zb71I5JwgC1qVqZ8NO,Mischief Brew,https://i.scdn.co/image/ab67616d00001e02223a69eb4463ad904fba26ca
103,25Q9si63JQHlQk12dMLZhb,Andy Salvanos,https://i.scdn.co/image/ab676161000051746d60eea0db71a878bfc85e32
104,0FC1LIeQXKib0jOwZqeIwT,Brett Dennen,https://i.scdn.co/image/ab676161000051744353d27614b23bae6b2aea0c
105,2xDl6RQqmmWdXGeKwKNpFl,John Standefer,https://i.scdn.co/image/ab676161000051747a5dd66c467087bb85274a72
106,15kzFPO1n6iK1GqFaTDDBo,Antoine Dufour,https://i.scdn.co/image/77bd42f93ff1a61573a99fcb374a6d5e760738d4
107,20psBGWkywYYvyJfDgcRjY,Chris Leo,https://i.scdn.co/image/ab67616d00001e027702528a87398e6a56ba8a2d
108,61YE3whKiuRr83j1yOm5M7,Augustana,https://i.scdn.co/image/ab676161000051742197138c03de788c9912bb4f
109,73pBfiuzMCcn2UGQTCH98u,Moon Bandits,https://i.scdn.co/image/ab676161000051747b7bf5c3399480b51d3ed9c8
110,7aExFIr0IHWO5aFjMrGwKw,Charley Patton,https://i.scdn.co/image/fa05d9252dd26803f236f13e9801d6fcc7fead25
111,4M5nCE77Qaxayuhp3fVn4V,Iron & Wine,https://i.scdn.co/image/ab67616100005174d658bc80540e6d8944109166
112,2naDLHeKqXSHT3DMII2eqb,Bo Carter,https://i.scdn.co/image/ab67616d00001e02dc290df1ba0d91f80a04cbbb
113,6TKKVFCBfak1kInOPl7hCz,Corey Gray,https://i.scdn.co/image/ab6761610000517420102557bff115512b3109c7
114,0GMwjEjIPIP4188Hyrjm69,Ducking Punches,https://i.scdn.co/image/ab67616100005174fa26a15e3e763a6f39a0b448
115,3OpWOvjJnk86geCHrAxkHA,Sungha Jung,https://i.scdn.co/image/ab67616100005174e7b9c5ed6707b8c614000197
116,6ls2l3WdMnYWKS0WQKghHK,Humming House,https://i.scdn.co/image/ab676161000051742c9d0ab20699ae2f269ec644
117,7h4j9YTJJuAHzLCc3KCvYu,Kina Grannis,https://i.scdn.co/image/ab676161000051743341f364598006b771cb22ca
118,2F3dZJv3K7T5sLthbp8vYa,Jay Brannan,https://i.scdn.co/image/6027de261428823cd3c222275efa90b38a3bba33
119,6a8DSomMqspxk3s3WlBjNT,Will Hoge,https://i.scdn.co/image/ab67616100005174cd86d5907a43a9b2675fbba6
120,6IXt60qaxZsiJc8Jc8zYiI,Mozella,https://i.scdn.co/image/0efcc9b044da8ae586dc6ead05c099d7ffe7903c
121,1S2S00lgLYLGHWA44qGEUs,Gen Hoshino,https://i.scdn.co/image/ab6761610000517470c2b92fd98fea56b5928da1
122,4MKVLp1MAwYFqaXhe1g8dA,Aron Wright,https://i.scdn.co/image/ab6761610000517459a6893abbaf24a876c933d3
123,4WDonykXtKMRQ1fXkHimQO,CityCop,https://i.scdn.co/image/ab676161000051743501c10dacfd768d04320444
124,7mDbAZV24eEmw5VJpKlCi9,W.C. Handy,https://i.scdn.co/image/ab67616d00001e02b822b49220e962ccff97d625
125,5Tw6OSRLoU7IHTO8kHGRQr,Rosie Thomas,https://i.scdn.co/image/ab676161000051740ef414fd11bffddfac62d3d7
126,3JtduJLfvJEAjll8oupFy5,Keaton Simons,https://i.scdn.co/image/ab676161000051742e20d2f9045669ce33850a51
127,5kPrlve51zUEZMHzcYnAQi,Erica Freas,https://i.scdn.co/image/ab676161000051743fbbd0441bd874cc8524b1f5
128,6bp17u6Ya0RGnEobNVGvwS,Sue Foley,https://i.scdn.co/image/ab676161000051749e4c92e953f4d53487ee4bcd
129,3GIa8pG4XaVNJ6vptOiDIG,Mia Rollo,https://i.scdn.co/image/ab67616d00001e029cc666141e9f5f70127b3353
130,35Ttuqkuxvx0dQydql5yBj,Sam Russo,https://i.scdn.co/image/ab67616100005174ef4e9d9755dce188b47d63f9
131,4dx2QFru02KbFFNYgwourF,Emilie Mover,https://i.scdn.co/image/ab67616100005174b3abdf539ef85fac83f924e4
132,0EkzRQuame3DJQqFaHFUeC,Andy Davis,https://i.scdn.co/image/ab67616100005174a14763653cc912bbe5c4542c
133,5B8M0EkuUFr6fGN66BO8H8,Ernie Halter,https://i.scdn.co/image/ab67616100005174eebba465ad56395d371a906e
134,3rUqgY188kWz0hKkqnpk9F,Richard Walters,https://i.scdn.co/image/ab676161000051741862b1f5cc2e4191b8ee7fd0
135,72T7KgrFiMTgXRWxfuDn5o,Erato,https://i.scdn.co/image/ab676161000051740c4065fb866d5622dd4cb043
136,4aDG4r8Fb7lNdMtETDIB4t,Yu Takahashi,https://i.scdn.co/image/ab6761610000517472d45877818178642ff39c39
137,6xbrnDxD4saadNP0lcoNOC,Zach Berkman,https://i.scdn.co/image/ab6761610000517408fe3a5d494b50a9c47710d8
138,1AWFp4KzVma0o2WpFtSWDS,Chir Cataran,https://i.scdn.co/image/ab67616100005174e5a7d82f6dedd2785158b6f3
139,1EoUchyiJeXQqhGBANhbiI,Miyuki Hatakeyama,https://i.scdn.co/image/ab6761610000517413e3418bf1cdfa489c05cf3b
140,4LoM3lMauQ540MW9QiyIcR,Anna Nalick,https://i.scdn.co/image/ab676161000051744cb595db104bda6559df9044
141,5Y1mtkFXBCx0dyL93Wt54T,Otis Taylor,https://i.scdn.co/image/e58f5660a92118404d1d09d0d9e3d4c38a9b103b
142,5r2ltbRmBrS2c0J4oTwfGo,Matt Hires,https://i.scdn.co/image/ab676161000051742d87a37e1955d0311159f19d
143,5ISzDnd0mlP3B6wUkKVs9M,Ari Hest,https://i.scdn.co/image/ab67616100005174445861bf23b874137bbc1b6f
144,7owbaHowcKQ3sReE4YpORG,Colorfactory,https://i.scdn.co/image/ab67616d00001e02a0a49dbf8259fe4a567427b6
145,0IRFQcZbbHHpFY5EUNA2XA,Takehara Pistol,https://i.scdn.co/image/ab6761610000517434db1ee6fb40c69234ac97a0
146,16GQuKrHx6uoSqLiuOigMt,Bushwalla,https://i.scdn.co/image/ab67616d00001e0286f9d0af9981b78eec550ceb
147,5R56gqNAAqQSlO3IfI60Yv,Ingram Hill,https://i.scdn.co/image/ab67616100005174f608bec43382a14fc77ad266
148,6gvedX0HcRQYMD5IhY8KKt,Masayoshi Yamazaki,https://i.scdn.co/image/ab67616100005174e25fcaf9da92ef60daf73aa0
149,00UuF3fAevVz8L0f1WfiQ6,Sleepy John Estes,https://i.scdn.co/image/ab67616d00001e02f1bc97e1f325c15f8bff0a21
150,42ctCeQEs2A0f0ONoVNaSX,Dorothy Descalsota,https://i.scdn.co/image/ab67616d00001e0299192eaa4470f7db901aea9c
151,3nOQJdlPEzFVhTEzxwcGax,Sophie Hunger,https://i.scdn.co/image/ab6761610000517478bf7fe60d44309d9ad920b2
152,71rjIVhe7PAlIovJgmqvUS,WINO,https://i.scdn.co/image/ab67616100005174710dcb49995291f261c8ecce
153,7HxwV8NK5Ea0UaOPamhuxe,Maiden United,https://i.scdn.co/image/ab67616d00001e02a4aa1e354e53205d3697029b
154,753nQataGdCe1JJtBUUxaR,Gaz Brookfield,https://i.scdn.co/image/ab676161000051740818f263c9dba9dbdaf12830
155,47PqZqEfnbjpst94bojkIl,The Donnies The Amys,https://i.scdn.co/image/ab67616100005174e05b8da9b4dcf4f3c86098ea
156,0cLrgpG3pW4MX4nD8h6qCc,El Michels Affair,https://i.scdn.co/image/ab676161000051746ca476b9b61c6a4c3574af1b
157,1PryMSya1JnSAlcwYawCxp,Menahan Street Band,https://i.scdn.co/image/ab6761610000517446dc0fd03399b8a9dfed982d
158,4JfFdF9Row7UXtdsKtT6tc,Darondo,https://i.scdn.co/image/551ecdd7db53fa31de2483ce938f7180ba01c427
159,6LXZac7iBIZgnNrywTkQRw,Monophonics,https://i.scdn.co/image/ab6761610000517465bc9e74fce3873550668a5b
160,00E0xvoM67oRJk8a5iTyEh,Ondatrópica,https://i.scdn.co/image/212821c276358656f6a5fb667f4ee32e6f467522
161,3BJKbr8p7ED6GzAf1OeExO,Getatchew Mekurya,https://i.scdn.co/image/ab67616d00001e022f95472115b2e563cadb0b9a
162,6dqBherxR2n5xMfqAI0L2J,The Funkees,https://i.scdn.co/image/a6c0404a7ccdeb1816f761213d2c146e4c26d4e8
163,1QVWN3ebl1dVgVbMgQPG8K,The Bamboos,https://i.scdn.co/image/ab6761610000517482a3e27a8eb98bfdc8dd821c
164,0mdmrbu5UZ32uRcRp2z6mr,Francis Bebey,https://i.scdn.co/image/d29be565351535a0f37bb330a6c1579201b20924
165,6SQxxV1mB4oLifst53eQpw,Charlie USG,https://i.scdn.co/image/ab6761610000517428cf386c21b36da6172b1bc4
166,2Wt6Q6ZHygCPVtMO3uxLGB,Chico Mann,https://i.scdn.co/image/ab67616100005174b97aea82b3b2a9b62990be8b
167,08Y6RNx87Eolrcq1aLM6ow,Meridian Brothers,https://i.scdn.co/image/ab6761610000517414ccbe4cb55cc387695325ca
168,0AJM60aFXEl0tUmjZpSHSL,The Ogyatanaa Show Band,https://i.scdn.co/image/ab67616d00001e024979e6bd26e09e225569048f
169,6RTCb5pWKinqlUyG2qacit,Ernest Ranglin,https://i.scdn.co/image/ab67616d00001e0291097c0e8accb1443e612b9c
170,6BMYlvYYyC0VxN6vV9y9KZ,Lara George,https://i.scdn.co/image/ab6761610000517462dc2ce7505f58c3fe3e924e
171,0MiCOT2cVYso39XSskiUUo,The Souljazz Orchestra,https://i.scdn.co/image/4e51a4410776bd91f709ad7c6a4ec9e6ba87d1df
172,4yGIAU59dDaVaXMDkicnlF,The Sugarman 3,https://i.scdn.co/image/3581a20d3b616c1f0103ebc2f943ee922bcf8d43
173,1wDClxPQ3dnP5IfginkLma,Bibi Tanga & The Selenites,https://i.scdn.co/image/ab67616100005174427e030b6bf23ec1f1ef03fa
174,1ynl48Y4KflTXf1alW9g1L,Whitefield Brothers,https://i.scdn.co/image/ab67616d00001e02b5dc4185e1c33aebb5dd03c9
175,0UDiy9fLk3rtgfh5lDqRqu,Ayumikurikamaki,https://i.scdn.co/image/ab67616100005174d36ccae5fc7594e48fdb4719
176,3K7G8Czqv2acbaWlxFfjbj,Gyedu-Blay Ambolley,https://i.scdn.co/image/ab676161000051741c643c61284eb9c1c9ef9b4d
